latitude,longitude,altitude (m),distance (km),distance_interval (m),StageNum,TotalDistance
43.8534692,7.96414375,13,0,0,1,0
43.84497,7.92858,29,3.164,30.58,1,3.16392
43.83767,7.88746,4,7.222,18.5,1,7.22159
43.83561,7.85218,12,10.262,27.44,1,10.26242
43.81996,7.82261,22,13.902,28.71,1,13.90227
43.82016,7.78314,15,17.397,80.35,1,17.39674
44.02471,8.19538,41,2.807,9.82,2,20.47098
44.00098,8.16574,12,6.772,14.18,2,24.43557
43.96042,8.16986,80,11.692,60.3,2,29.35645
43.94887,8.13952,18,15.231,0.8,2,32.89465
43.98477,8.131,30,19.584,5.78,2,37.24756
44.00257,8.09973,74,23.01,28.43,2,40.67398
43.999,8.05344,172,26.963,81.93,2,44.62746
43.99716,8.03457,250,28.919,13.26,2,46.58318
44.00286,8.0371,311,30.652,33.42,2,48.316
44.00263,8.0234,421,32.472,7.16,2,50.13634
44.00664,8.03456,438,34.237,41.63,2,51.90055
44.01378,8.05616,483,36.532,43.8,2,54.19631
44.01433,8.07272,432,38.086,10.96,2,55.75051
44.01584,8.09332,433,40.113,41.81,2,57.77745
44.01477,8.11215,428,42.049,30.07,2,59.71284
44.00894,8.13077,401,44.119,10.61,2,61.78262
44.01226,8.1413,382,45.878,33.34,2,63.5422
44.02583,8.1378,288,47.698,11.11,2,65.36235
44.03123,8.14293,211,49.319,35.22,2,66.98341
44.03152,8.1362,94,50.695,7.21,2,68.35915
44.04492,8.13778,32,53.713,175.87,2,71.37716
44.04573,8.17983,15,57.465,14.81,2,75.12876
44.06885,8.2155,3,62.659,141.2,2,80.32294
44.11058,8.2423,6,67.901,22.35,2,85.56495
44.14229,8.27231,3,72.252,38.1,2,89.91627
44.15699,8.30586,4,75.579,19.71,2,93.24345
44.17353,8.36563,19,81.022,20.71,2,98.68572
44.19247,8.42114,48,86.249,27.44,2,103.91309
44.2123,8.41697,16,89.103,118.95,2,106.76701
44.23792,8.43763,9,93.031,1.11,2,110.69478
44.25542,8.452,6,95.779,12.63,2,113.44316
44.2936,8.45718,7,101.127,32.3,2,118.79072
44.31635,8.49135,11,105.297,95.75,2,122.96104
44.33769,8.54189,24,110.403,20.25,2,128.06715
44.34656,8.56411,15,112.783,9.83,2,130.44741
44.3609,8.59194,18,116.154,20.05,2,133.81777
44.37014,8.61456,74,118.468,11.94,2,136.1317
44.37701,8.62816,35,120.432,55.27,2,138.09632
44.38729,8.63535,50,122.691,6.67,2,140.35481
44.39537,8.62226,190,124.537,5.27,2,142.2007
44.40221,8.61665,193,126.194,22.58,2,143.85795
44.40744,8.63089,178,128.229,11.8,2,145.89262
44.40374,8.65044,97,130.246,60.16,2,147.91003
44.39252,8.66515,20,132.502,50.6,2,150.16606
44.40034,8.67997,19,134.727,5.97,2,152.39102
44.41471,8.70681,29,137.771,61.82,2,155.43539
44.42628,8.74049,18,140.996,12.31,2,158.6602
44.42315,8.8079,12,146.576,18.45,2,164.24017
44.4182,8.8592,11,151.279,15.64,2,168.94327
44.40829,8.9024,21,155.395,12.81,2,173.05891
44.41621,8.92825,47,158.656,7.08,2,176.32012
44.4229,8.92958,150,160.698,31.26,2,178.36167
44.42482,8.92162,129,163.086,11.37,2,180.74965
44.4163,8.91366,35,165.309,149.38,2,182.97283
44.41989,8.91877,42,166.652,2.39,2,184.31623
44.42131,8.92498,114,168.435,50.72,2,186.09843
44.42338,8.92253,164,171.266,44.49,2,188.93039
44.41816,8.92187,50,172.632,101.02,2,190.2954
44.34375,9.22613,49,1.268,15.14,3,192.26239
44.3449,9.21097,193,3.195,14.4,3,194.18858
44.33918,9.18425,209,5.544,30.32,3,196.53758
44.34779,9.16654,220,8.21,35.94,3,199.20358
44.35789,9.14575,43,10.61,16.5,3,201.60403
44.37342,9.15213,35,13.019,116.11,3,204.01304
44.38553,9.16458,89,15.572,26.54,3,206.56569
44.39901,9.16497,143,17.438,12.99,3,208.43183
44.40411,9.16563,233,19.095,13.6,3,210.08932
44.41066,9.16395,321,20.82,42.7,3,211.81381
44.41469,9.15988,394,22.062,17.66,3,213.05584
44.41863,9.14935,462,23.477,17.85,3,214.47122
44.42372,9.16537,423,25.425,11.2,3,216.41916
44.42054,9.1685,351,26.892,36.75,3,217.88607
44.42158,9.18106,274,28.608,19.04,3,219.60175
44.42374,9.17932,223,29.887,10.5,3,220.88137
44.42973,9.18257,154,31.58,36.45,3,222.57367
44.43876,9.15545,214,34.458,70.89,3,225.45238
44.44502,9.13497,246,36.864,12.78,3,227.85793
44.46366,9.13447,377,39.791,73.27,3,230.78493
44.46765,9.12571,527,43.008,56.05,3,234.00195
44.46838,9.11821,629,45.746,19.57,3,236.74029
44.49835,9.1392,704,50.866,48,3,241.85944
44.51843,9.15831,767,54.12,11.04,3,245.11357
44.52308,9.16263,873,55.995,21.25,3,246.98849
44.53142,9.16641,979,57.65,6.71,3,248.64441
44.53191,9.17419,981,59.226,13.91,3,250.21956
44.53887,9.17919,895,60.884,20.63,3,251.87835
44.54855,9.17468,896,62.907,14.53,3,253.90078
44.55574,9.17394,893,64.656,34.94,3,255.64993
44.56728,9.18086,949,66.698,13.5,3,257.69168
44.55979,9.18412,985,68.73,20.04,3,259.72331
44.55788,9.1942,1002,71.078,43.28,3,262.07193
44.55718,9.20988,1085,73.118,15.93,3,264.1122
44.54109,9.21735,958,75.394,51.8,3,266.38763
44.5282,9.22234,704,78.605,38.16,3,269.59839
44.52393,9.24699,664,81.506,46.66,3,272.49985
44.51966,9.24053,855,83.765,17.89,3,274.75902
44.49777,9.24333,1056,86.675,42.59,3,277.66867
44.48178,9.24244,1121,88.98,24.91,3,279.97399
44.47758,9.2457,999,91.281,15.76,3,282.27493
44.46317,9.24201,823,93.508,21.48,3,284.50136
44.4587,9.25041,559,96.467,35.18,3,287.46066
44.45551,9.25644,389,98.849,15.04,3,289.84252
44.44865,9.25746,285,101.293,1.11,3,292.28654
44.43136,9.25652,204,103.666,30.92,3,294.66016
44.41261,9.25244,105,106.399,47.43,3,297.39257
44.39239,9.27235,70,110.388,95.28,3,301.38221
44.36952,9.31626,45,115.104,25.48,3,306.09784
44.36093,9.34391,47,118.097,24.2,3,309.09056
44.33709,9.34835,15,121.325,31.27,3,312.31847
44.31714,9.33612,4,125.01,88.53,3,316.0041
44.32082,9.32833,50,126.816,14.6,3,317.81009
44.29244,9.37503,14,133.269,328.85,3,324.26332
44.28331,9.38749,48,136.06,107.98,3,327.05399
44.28208,9.38899,22,6.686,50.57,4,334.7433
44.27048,9.43214,16,11.104,7.92,4,339.16152
44.27653,9.46946,57,14.49,13.44,4,342.5468
44.27533,9.49588,117,17.07,12.46,4,345.1267
44.2737,9.51072,220,18.934,13.79,4,346.99074
44.27525,9.52932,299,21.256,25.94,4,349.31329
44.28245,9.54404,327,23.305,121.75,4,351.36238
44.27501,9.55,431,25.236,39.7,4,353.29279
44.28427,9.55781,547,27.114,6.41,4,355.17137
44.28897,9.55894,494,28.114,11.02,4,356.17162
44.29604,9.56245,421,29.487,37.28,4,357.544
44.31756,9.57344,363,32.195,31,4,360.25265
44.3281,9.57901,379,33.805,34.37,4,361.86223
44.33366,9.58672,312,35.259,18.77,4,363.31602
44.32136,9.61824,274,38.493,39.41,4,366.54983
44.29968,9.6445,245,41.921,34.08,4,369.97784
44.26666,9.66518,179,47.476,23.33,4,375.53346
44.24629,9.68324,146,50.748,24.45,4,378.80521
44.23538,9.71331,119,54.183,32.44,4,382.24061
44.22447,9.69734,151,58.114,15.13,4,386.1711
44.22904,9.66915,227,61.01,63.3,4,389.06697
44.23765,9.65756,205,63.016,24.44,4,391.07312
44.24391,9.65502,256,64.608,46.37,4,392.66484
44.24575,9.63642,385,66.595,8.66,4,394.6524
44.24614,9.62407,461,67.968,49.74,4,396.02569
44.25059,9.60402,534,69.937,26.88,4,397.99432
44.24784,9.58737,593,71.57,8.29,4,399.62711
44.23755,9.5833,567,73.24,12.33,4,401.29718
44.23361,9.57967,502,74.807,22.59,4,402.86391
44.22964,9.5739,385,76.828,9.81,4,404.88578
44.22157,9.57221,293,78.752,89.21,4,406.80897
44.21452,9.56536,320,80.439,28.94,4,408.49594
44.20233,9.56707,357,83.065,82.23,4,411.12205
44.20013,9.58644,403,85.087,9.75,4,413.14398
44.19352,9.59515,379,86.806,7.79,4,414.86378
44.18575,9.59356,274,88.232,38.79,4,416.28983
44.17834,9.60169,134,90.137,14.3,4,418.19417
44.17242,9.60925,20,92.222,25.19,4,420.27944
44.17338,9.63511,50,94.992,9.45,4,423.04965
44.17375,9.64459,202,96.835,24.91,4,424.89203
44.16982,9.65053,289,98.283,12.35,4,426.33995
44.16332,9.65722,417,100.243,41.18,4,428.30053
44.15343,9.67184,548,102.344,33.44,4,430.40138
44.14533,9.68184,499,104.096,4.72,4,432.15325
44.1485,9.69324,448,105.725,12.05,4,433.78248
44.14934,9.70503,465,107.27,23.28,4,435.32755
44.14188,9.70994,477,108.967,49.12,4,437.02427
44.13248,9.70618,445,110.739,5.78,4,438.79618
44.12805,9.72121,517,112.514,58.07,4,440.57092
44.11936,9.72575,372,114.402,54.66,4,442.45928
44.11372,9.73783,241,116.216,18.96,4,444.27374
44.10218,9.74252,188,118.549,72.28,4,446.60674
44.09456,9.74567,243,120.866,49.7,4,448.92346
44.09109,9.78317,304,124.521,19.59,4,452.57801
44.0901,9.80192,193,127.497,32.87,4,455.55404
44.08846,9.81271,87,129.454,24.56,4,457.51115
44.10591,9.82831,2,133.837,218.77,4,461.89433
44.10201,9.79942,56,138,10.47,4,466.05777
44.09695,9.78478,177,139.721,7.35,4,467.77824
44.09507,9.77903,283,140.733,50.1,4,468.78999
44.0967,9.78798,266,142.648,23.75,4,470.70533
44.08985,9.8069,166,145.296,39.3,4,473.35332
44.09466,9.81485,29,147.646,24.31,4,475.70302
44.11042,9.85407,1,2.537,81.89,5,481.42778
44.08932,9.87968,15,6.238,14.42,5,485.12874
44.08832,9.91567,61,9.544,67.47,5,488.43421
44.09995,9.93512,9,11.814,5.29,5,490.70438
44.1188,9.94446,20,15.814,54.5,5,494.70456
44.16618,9.91815,48,21.903,66.87,5,500.79419
44.18381,9.93062,74,24.895,133.26,5,503.78607
44.20352,9.96576,63,28.97,0.8,5,507.86121
44.20162,9.98989,68,31.777,23.79,5,510.66798
44.19823,10.04337,103,36.838,24.39,5,515.7283
44.2112,10.09152,179,41.333,20.59,5,520.22412
44.20417,10.10291,163,43.572,56.49,5,522.46228
44.18917,10.13709,224,47.624,27.21,5,526.5146
44.19915,10.17051,299,50.79,17.41,5,529.68049
44.21404,10.19056,457,54.165,95.96,5,533.05581
44.20803,10.19585,566,56.562,22.92,5,535.45236
44.20565,10.21474,712,58.974,63.77,5,537.86524
44.20048,10.22855,834,61.342,24.39,5,540.23246
44.2054,10.24276,832,63.051,15.99,5,541.94201
44.20334,10.26282,755,65.406,79.04,5,544.29722
44.19459,10.27422,614,67.828,19.31,5,546.71845
44.18515,10.28939,545,70.786,15.22,5,549.67641
44.17534,10.31234,460,73.65,11.14,5,552.54056
44.16846,10.32787,475,75.685,18.3,5,554.57599
44.15447,10.33977,481,78.156,27.98,5,557.04675
44.14366,10.3597,406,81.13,94.5,5,560.02104
44.12978,10.38063,361,83.704,47.41,5,562.59476
44.1162,10.39727,321,86.13,11.14,5,565.02114
44.11382,10.43034,267,89.649,33.83,5,568.54021
44.1028,10.45217,238,93.382,128.91,5,572.27238
44.08104,10.47587,304,97.623,69.96,5,576.51415
44.08201,10.49044,384,99.931,46.14,5,578.82139
44.06565,10.48902,315,102.581,109.6,5,581.47228
44.05568,10.48798,227,104.365,34.3,5,583.25622
44.0359,10.49265,160,107.699,27.85,5,586.58992
44.01223,10.54392,116,113.039,6.85,5,591.92986
44.00327,10.57984,135,117.906,95.81,5,596.79691
44.0178,10.62807,204,122.868,126.14,5,601.75844
44.03976,10.66259,291,127.578,22.88,5,606.46909
44.04482,10.71727,342,132.783,54.26,5,611.67366
44.04529,10.75041,523,136.21,14.8,5,615.10107
44.05694,10.76396,497,138.454,12.33,5,617.34461
44.0722,10.7649,507,140.426,20.16,5,619.31725
44.09546,10.7536,600,143.59,27.32,5,622.48115
44.10516,10.74168,699,145.589,30.59,5,624.48015
44.11357,10.73451,849,147.614,9.86,5,626.5052
44.12041,10.7263,989,149.679,13.71,5,628.5698
44.12492,10.71143,1143,151.66,11.23,5,630.55087
44.12802,10.69357,1269,153.548,13.61,5,632.43864
44.14077,10.67118,1359,156.059,30.04,5,634.95024
43.87078,10.77858,17,1.154,173.1,6,636.87443
43.84652,10.73153,19,6.068,120.68,6,641.78865
43.83555,10.69298,27,10.026,35.83,6,645.74711
43.80497,10.65998,6,14.788,58.05,6,650.50869
43.70954,10.61965,13,26.329,10.12,6,662.0495
43.67101,10.64273,17,31.889,374.1,6,667.60962
43.62942,10.6596,26,37.122,89.36,6,672.84252
43.58331,10.70338,37,43.82,743.22,6,679.54032
43.51762,10.71316,57,52.636,106.58,6,688.35724
43.47807,10.75678,74,58.991,29.51,6,694.71192
43.43061,10.75981,148,65.721,155.35,6,701.44135
43.40954,10.77438,144,68.965,14.1,6,704.68561
43.39984,10.79264,142,71.478,13.86,6,707.19826
43.36601,10.81058,87,75.924,139.22,6,711.64518
43.3459,10.83808,80,79.865,34.72,6,715.5853
43.31918,10.84833,227,84.581,31.37,6,720.30138
43.29992,10.85881,312,87.319,23.68,6,723.03964
43.28587,10.88696,323,90.579,43.49,6,726.29951
43.26797,10.88118,339,94.008,51.56,6,729.72889
43.24938,10.88055,410,96.81,10.55,6,732.53038
43.23753,10.88683,408,98.912,7.42,6,734.63299
43.22499,10.88936,478,101.335,18.91,6,737.05517
43.20792,10.90606,564,104.459,14.46,6,740.17971
43.18226,10.90725,670,107.774,30.09,6,743.49484
43.15575,10.88029,609,112.684,27.11,6,748.405
43.14396,10.89397,602,115.008,11.95,6,750.72867
43.13095,10.91088,576,117.587,12.88,6,753.30797
43.11488,10.92948,535,120.676,38.16,6,756.39636
43.07545,10.91887,347,125.812,32.09,6,761.53277
43.05266,10.91011,268,129.766,51.34,6,765.48654
43.03635,10.95548,251,135.052,76.89,6,770.77229
42.98505,10.97105,59,141.454,41.59,6,777.17495
42.96826,11.03429,51,147.9,28.35,6,783.62081
42.91673,11.02153,22,154.269,32.26,6,789.98972
42.89466,11.00466,14,159.304,31.3,6,795.02422
42.79998,10.99279,3,170.506,46.66,6,806.22621
42.76939,10.88658,1,180.644,255.01,6,816.36501
42.75224,11.11242,7,1.179,24.59,7,818.80059
42.64189,11.13584,30,14.61,331.89,7,832.23127
42.48113,11.22126,6,34.173,1437.33,7,851.7943
42.41483,11.32595,8,46.334,92.04,7,863.95567
42.40133,11.50293,12,64.922,509.2,7,882.54368
42.34728,11.60293,33,75.47,15.55,7,893.09177
42.34811,11.69074,49,84.311,31.02,7,901.93242
42.36297,11.75958,147,90.824,215.91,7,908.44571
42.41645,11.87014,178,102.749,23.84,7,920.37028
42.39767,11.90618,147,106.965,61.1,7,924.58661
42.36289,12.00415,180,117.086,335.15,7,934.70752
42.2906,12.11524,469,130.386,818.86,7,948.00766
42.2606,12.16672,408,135.949,16.65,7,953.57099
42.2425,12.21513,277,140.707,75.44,7,958.32803
42.20742,12.30566,247,149.774,59.07,7,967.39552
42.15402,12.34425,196,156.915,8.91,7,974.53676
42.13807,12.38012,284,161.228,4.74,7,978.84958
42.13499,12.40073,341,164.368,44.26,7,981.98928
42.1365,12.42908,356,167.294,50.39,7,984.9152
42.14115,12.46127,297,170.84,95.95,7,988.46198
42.13792,12.49261,279,174.903,115.31,7,992.52469
42.12031,12.51592,224,178.513,285.46,7,996.13427
42.09617,12.55181,43,182.98,19.54,7,1000.60162
42.07833,12.59458,24,187.384,10.77,7,1005.00582
42.05514,12.62,118,191.361,18.9,7,1008.98301
42.02484,12.64988,192,195.987,26.82,7,1013.6084
41.99953,12.66797,65,199.337,42.22,7,1016.95803
41.99794,12.69663,96,202.33,23.25,7,1019.95129
41.98591,12.72203,86,205.08,16.74,7,1022.70181
41.95989,12.75822,64,209.802,35.42,7,1027.42351
41.93247,12.75477,56,213.68,58.46,7,1031.30099
41.88418,12.78147,135,219.971,79.61,7,1037.59269
41.84889,12.85005,344,227.331,685,7,1044.95214
41.8286,12.90797,409,233.135,32.52,7,1050.75661
41.82324,12.9261,358,235.616,18.25,7,1053.23742
41.82057,12.96581,354,239.809,33.89,7,1057.42983
41.82072,13.03235,266,246.501,104.45,7,1064.12244
41.83317,13.10141,481,252.969,134.63,7,1070.59025
41.81617,13.12459,400,256.695,44.45,7,1074.31621
41.78382,13.17463,498,262.744,100.35,7,1080.3651
41.78445,13.23396,585,268.644,63.93,7,1086.26527
41.77251,13.27006,615,5.101,65.47,8,1092.81973
41.77176,13.31241,509,9.585,251.29,8,1097.30361
41.7486,13.33487,386,13.988,28.7,8,1101.70611
41.72222,13.35129,347,17.702,7.95,8,1105.42041
41.7028,13.36849,279,22.115,73.46,8,1109.83385
41.69332,13.40321,492,25.712,8.33,8,1113.43048
41.69365,13.4211,573,28.606,19.99,8,1116.32489
41.7004,13.43168,472,31.296,37.39,8,1119.01496
41.67534,13.47359,324,36.544,159.48,8,1124.26212
41.67749,13.52255,236,41.17,25.59,8,1128.88833
41.67966,13.57177,223,45.867,12.01,8,1133.58521
41.71993,13.61786,287,53.151,116.37,8,1140.86911
41.7258,13.66634,461,57.808,33.9,8,1145.52658
41.7302,13.69454,601,61.339,135.18,8,1149.058
41.74746,13.71934,875,65.853,59.88,8,1153.57131
41.73025,13.75559,1003,70.9,41.79,8,1158.61814
41.72638,13.78161,1130,73.95,34.3,8,1161.66847
41.72223,13.8064,1239,76.428,78.22,8,1164.14644
41.73828,13.81186,1368,79.105,28.25,8,1166.82351
41.74078,13.81411,1462,81.058,24.49,8,1168.77631
41.76044,13.82969,1503,84.087,61.26,8,1171.80515
41.75475,13.83504,1396,86.572,8.92,8,1174.29024
41.77278,13.82953,1245,89.801,43.59,8,1177.51929
41.78125,13.84899,1090,93.868,16.63,8,1181.58676
41.78145,13.89396,1044,97.796,19.11,8,1185.51454
41.77616,13.93719,988,101.758,124.27,8,1189.47624
41.76084,13.98782,987,106.54,19.43,8,1194.25891
41.74413,13.9899,1126,108.929,18.33,8,1196.64737
41.73852,14.01105,1137,111.529,7.49,8,1199.24757
41.73605,14.02043,1050,114.087,39.94,8,1201.80535
41.73612,14.02475,962,115.949,127.73,8,1203.66802
41.74176,14.04993,872,119.366,56.5,8,1207.08481
41.7365,14.11507,943,126.004,11.59,8,1213.72263
41.71161,14.14137,1022,130.429,22.4,8,1218.14812
41.69889,14.15516,895,132.791,5.83,8,1220.50982
41.68372,14.16859,793,135.228,102.78,8,1222.94639
41.67552,14.17792,685,136.872,51.21,8,1224.59082
41.6631,14.1932,453,139.545,38.14,8,1227.2641
41.64907,14.20691,632,142.918,69.18,8,1230.63626
41.6196,14.23517,481,148.256,46.33,8,1235.97422
41.59645,14.27555,514,153.923,28.88,8,1241.64125
41.56122,14.3087,689,159.576,49.62,8,1247.2946
41.5246,14.40807,520,169.575,1024.78,8,1257.29419
41.48639,14.40753,722,176.97,12.03,8,1264.68888
41.47683,14.41854,898,179.282,67.45,8,1267.00074
41.47153,14.41157,1112,182.369,9.46,8,1270.08721
41.46676,14.40409,1336,185.431,31.76,8,1273.15006
41.15274,14.77931,179,0.435,66.16,9,1276.17388
41.19015,14.80218,395,6.99,427.41,9,1282.72882
41.23224,14.81488,394,12.393,31.46,9,1288.13166
41.22299,14.8283,486,14.585,15.42,9,1290.32333
41.2021,14.84337,386,17.444,12.22,9,1293.1826
41.18184,14.81464,383,21.186,32.97,9,1296.92424
41.15628,14.77941,187,26.464,21.17,9,1302.20229
41.12502,14.78724,169,31.166,82.06,9,1306.90451
41.09346,14.7948,181,34.917,11.14,9,1310.65557
41.07933,14.78969,186,37.036,10.22,9,1312.77449
41.06156,14.78224,202,39.245,24.81,9,1314.9839
41.04223,14.7775,196,41.757,95.44,9,1317.49568
41.01199,14.77507,236,45.782,37.16,9,1321.52103
40.96885,14.78256,490,52.505,95.64,9,1328.24362
40.96786,14.80616,576,55.941,32.21,9,1331.67979
40.95557,14.8133,484,57.99,48.94,9,1333.72867
40.95177,14.81655,373,60.28,37.57,9,1336.01827
40.92249,14.83267,303,64.603,21.41,9,1340.34167
40.90079,14.82525,377,67.788,149.48,9,1343.52653
40.86644,14.85837,368,72.949,84.12,9,1348.68703
40.83746,14.8947,536,78.092,135.89,9,1353.83091
40.82281,14.91577,739,83.832,24.87,9,1359.57037
40.80862,14.94172,903,86.955,199.05,9,1362.69346
40.79697,14.95442,1051,89.493,22.36,9,1365.23163
40.80699,14.94957,1145,92.101,108.17,9,1367.83993
40.82886,14.97323,1240,96.888,94.74,9,1372.62599
40.8438,14.97055,1128,100.657,37.16,9,1376.3954
40.85429,14.98165,1058,103.779,55.08,9,1379.51783
40.849,15.01554,650,107.999,26.21,9,1383.73697
40.84732,15.05094,492,112.299,26.67,9,1388.03767
40.83871,15.06792,589,114.672,4.74,9,1390.41061
40.82965,15.07313,693,116.56,124.6,9,1392.29802
40.82325,15.0765,901,118.488,23.38,9,1394.22692
40.82172,15.08168,1041,120.04,8.44,9,1395.7783
40.81281,15.11403,1052,123.423,43.6,9,1399.16115
40.82604,15.14997,1149,129.661,81.23,9,1405.39943
40.84315,15.1736,715,136.838,282.99,9,1412.57691
40.87856,15.1831,557,142.115,3.44,9,1417.85338
40.92878,15.11859,719,151.063,108.29,9,1426.80149
40.91876,15.05381,532,158.492,46.54,9,1434.23102
40.92115,15.0286,550,162.269,91.72,9,1438.00709
40.92967,15.00246,642,166.303,28.78,9,1442.04175
40.94402,14.95671,730,171.554,165.41,9,1447.29284
40.95057,14.90951,602,177.306,30.56,9,1453.04426
40.96672,14.88466,544,180.883,37.44,9,1456.62199
40.98389,14.88805,514,183.165,8.88,9,1458.90363
40.98641,14.86077,381,186.148,13.42,9,1461.88646
40.99705,14.85837,301,189.309,30.26,9,1465.04783
41.01542,14.87432,508,192.702,44.05,9,1468.44053
41.04787,14.878,369,197.585,38.96,9,1473.32323
41.06313,14.8633,376,202.673,5.8,9,1478.41186
43.31442,13.72333,4,0.423,32.15,10,1481.65534
43.43313,13.65954,4,14.746,45.82,10,1495.9785
43.46163,13.60541,9,20.91,206.51,10,1502.14318
43.49059,13.56631,21,26.061,122.56,10,1507.29367
43.5389,13.5098,32,33.856,9.81,10,1515.08863
43.5928,13.46462,128,42.313,65.94,10,1523.54541
43.61447,13.39003,46,49.229,256.84,10,1530.46213
43.66325,13.31688,0,58.144,189.02,10,1539.37673
43.74191,13.18141,0,72.254,7.79,10,1553.48719
43.81614,13.06986,2,84.483,441.5,10,1565.71588
43.8524,13.00627,2,91.643,139.81,10,1572.87585
43.91633,12.90469,2,102.805,5.99,10,1584.03755
43.91788,12.89035,116,105.461,43.09,10,1586.69425
43.92682,12.87699,153,107.499,66.42,10,1588.73192
43.93332,12.86281,122,110.118,42.6,10,1591.3507
43.93994,12.84786,95,112.463,18.89,10,1593.69602
43.9466,12.83304,139,114.649,69.95,10,1595.88131
43.95187,12.81819,139,116.519,10.43,10,1597.75152
43.9536,12.80486,150,118.211,17.8,10,1599.44403
43.95987,12.79568,146,120.143,26.95,10,1601.37567
43.95861,12.78457,88,122.579,18.3,10,1603.81143
43.9634,12.76887,106,124.869,19.26,10,1606.10141
43.9511,12.73869,16,128.8,108.58,10,1610.0323
43.98775,12.67232,10,135.777,3.7,10,1617.0101
44.00449,12.63383,15,139.782,174.76,10,1621.01471
44.0405,12.59025,3,145.553,10.03,10,1626.78579
44.04426,12.55969,12,149.715,8.89,10,1630.94736
44.06938,12.49586,19,156.422,816.95,10,1637.6545
44.0725,12.43042,32,162.161,24.06,10,1643.39319
44.10116,12.34152,29,170.791,112.17,10,1652.02418
44.12078,12.29244,33,175.751,500.58,10,1656.98343
44.14136,12.23619,29,181.502,39.7,10,1662.73425
44.15867,12.19217,33,185.977,11.14,10,1667.20947
44.18751,12.12257,30,192.716,34.28,10,1673.94866
44.20451,12.08376,25,196.518,7.09,10,1677.75101
44.2262,12.02881,30,0.735,9.84,11,1682.70518
44.19424,11.96947,48,7.509,179.28,11,1689.47967
44.13379,11.90334,124,16.697,113.01,11,1698.66724
44.11071,11.87177,175,20.835,64.35,11,1702.80568
44.11537,11.8573,352,23.248,13.56,11,1705.21855
44.12631,11.84161,465,25.719,16.05,11,1707.68978
44.13485,11.82895,565,27.812,12.46,11,1709.78269
44.15083,11.81008,393,30.992,43.28,11,1712.96266
44.15773,11.78584,181,34.47,32.93,11,1716.44062
44.16678,11.77202,404,37.037,26.16,11,1719.00706
44.17999,11.77384,423,39.33,24.02,11,1721.30016
44.19907,11.76155,313,41.908,8.3,11,1723.878
44.20733,11.76427,148,43.93,161.32,11,1725.90031
44.2055,11.7345,123,47.737,45.68,11,1729.70742
44.20722,11.72046,249,50.04,11.19,11,1732.00994
44.21225,11.71322,392,51.457,14.92,11,1733.42757
44.22538,11.69971,206,54.149,37.14,11,1736.11939
44.22219,11.68693,269,56.41,77.51,11,1738.38044
44.22134,11.67285,416,58.973,22.93,11,1740.94323
44.22426,11.64451,282,62.53,68.97,11,1744.50059
44.22598,11.62539,215,65.308,9.85,11,1747.27839
44.23029,11.62104,352,67.403,9.14,11,1749.37304
44.23676,11.60062,501,69.648,26.97,11,1751.61857
44.24256,11.57685,461,72.302,470.76,11,1754.27251
44.25647,11.56406,222,74.658,108.11,11,1756.62836
44.28613,11.60789,89,80.495,31.21,11,1762.46535
44.34003,11.68548,59,89.379,331.57,11,1771.349
44.34915,11.72431,42,93.991,4.56,11,1775.96121
44.33278,11.71382,117,99.668,53.7,11,1781.63824
44.31865,11.72387,138,102.731,0.8,11,1784.70123
44.33677,11.72786,65,105.121,16.06,11,1787.09181
44.37921,11.73793,30,2.808,5.78,12,1792.33983
44.50642,11.81979,3,18.674,427.92,12,1808.20668
44.56772,11.87606,4,28.428,46.94,12,1817.96
44.59665,11.84831,1,32.953,172.64,12,1822.48551
44.64861,11.78788,3,40.757,269.56,12,1830.28947
44.68503,11.79498,0,45.722,16.48,12,1835.2546
44.69998,11.79014,3,48.557,18.41,12,1838.08931
44.73573,11.77452,3,53.126,35.74,12,1842.65836
44.76684,11.74569,7,57.761,54.05,12,1847.29315
44.80853,11.71839,2,63.099,284.29,12,1852.63104
44.85109,11.71444,2,68.373,11.83,12,1857.9053
44.8812,11.74027,1,73.532,12.85,12,1863.06438
44.93816,11.74869,3,80.542,46.91,12,1870.07428
45.03912,11.78151,4,92.394,15.48,12,1881.92631
45.07106,11.78658,14,97.388,45.57,12,1886.92016
45.19,11.75583,2,111.637,1070.41,12,1901.16898
45.2527,11.75801,8,118.826,34.46,12,1908.35817
45.29264,11.76926,12,125.407,30.18,12,1914.93898
45.30867,11.7286,24,129.218,13.36,12,1918.75055
45.32144,11.73307,55,130.992,8.93,12,1920.52415
45.3276,11.72677,24,132.664,26.86,12,1922.19642
45.3266,11.71052,160,134.27,12.71,12,1923.80243
45.32954,11.69943,243,135.891,4.58,12,1925.42346
45.33076,11.68514,255,137.642,3.43,12,1927.17418
45.33834,11.67867,162,139.001,43.26,12,1928.53352
45.3583085,11.6807895,215,142.195,25.35,12,1931.72693
45.36845,11.66805,151,144.684,36.2,12,1934.21648
45.37239,11.65577,32,147.046,188.58,12,1936.57805
45.39078,11.65117,15,150.027,20.14,12,1939.55873
45.41968,11.60132,19,155.494,32.91,12,1945.02628
45.42285,11.55928,26,159.704,2.6,12,1949.2357
45.42195,11.55198,169,161.25,5.77,12,1950.78171
45.43671,11.53955,395,163.836,71.02,12,1953.36809
45.45563,11.53026,292,166.571,48.7,12,1956.10312
45.47299,11.53484,178,168.834,20.38,12,1958.36567
45.48978,11.54226,41,171.662,78.17,12,1961.1942
45.47022,11.50983,37,175.465,13.16,12,1964.99738
45.47538,11.49748,243,178.797,13.43,12,1968.32895
45.49111,11.4971,112,181.205,30.82,12,1970.73731
45.52287,11.51502,32,185.379,395.15,12,1974.91101
45.53966,11.55159,56,189.588,3.68,12,1979.11999
45.46235,11.4024,54,5.175,54.97,13,1985.00132
45.48856,11.43768,55,11.697,86.72,13,1991.52337
45.52556,11.50988,33,19.334,116.64,13,1999.15967
45.54104,11.55272,44,23.711,48.11,13,2003.53731
45.54423,11.56712,33,25.61,29.71,13,2005.43594
45.52719,11.60054,30,29.224,7.12,13,2009.04967
45.51495,11.63435,28,32.829,15.78,13,2012.65458
45.52084,11.67945,29,37.453,231.56,13,2017.27871
45.53748,11.75977,26,45.474,1.11,13,2025.30029
45.54395,11.87526,22,56.431,30.01,13,2036.25706
45.53481,11.94368,18,62.588,234.26,13,2042.4139
45.50021,12.09447,7,75.701,47.71,13,2055.52716
45.49611,12.14097,4,80.324,12.27,13,2060.14952
45.48837,12.17732,4,83.453,33.65,13,2063.27936
45.49073,12.22745,4,87.87,34.3,13,2067.69554
45.48072,12.27196,-1,93.035,153.08,13,2072.86059
45.51143,12.34067,-1,99.594,20.45,13,2079.42032
45.58678,12.46831,0,113.081,372.57,13,2092.90669
45.59295,12.5549,-1,122.489,12.45,13,2102.31492
45.62484,12.57039,5,127.263,25.36,13,2107.08882
45.57345,12.6719,2,137.641,10.89,13,2117.46668
45.5307,12.64215,0,143.472,157,13,2123.29803
45.48948,12.58827,-1,150.701,75.76,13,2130.52695
45.68162,12.25257,17,1.425,108.67,14,2136.9609
45.77872,12.25972,56,12.643,53.81,14,2148.17966
45.84922,12.24883,76,20.896,22.2,14,2156.43194
45.88948,12.30032,64,27.06,3.68,14,2162.59623
45.9136,12.26394,148,31.654,14,14,2167.18981
45.92913,12.23954,262,35.152,19.14,14,2170.68814
45.92687,12.20925,225,38.187,17.53,14,2173.7233
45.91097,12.19562,142,40.76,35.13,14,2176.29652
45.91082,12.15628,155,44.626,4.51,14,2180.16243
45.90111,12.11267,149,48.363,94.62,14,2183.89887
45.90883,12.05959,259,53.289,15.27,14,2188.82539
45.9042,12.03131,349,56.061,21.83,14,2191.59687
45.89966,11.99938,238,59.116,69.33,14,2194.65233
45.71468,11.60547,87,5.682,167.3,15,2200.6453
45.70758,11.54991,118,10.446,38.42,15,2205.40943
45.70849,11.48688,143,16.295,80,15,2211.25776
45.7213,11.45198,174,20.391,93.39,15,2215.35437
45.77051,11.42547,296,26.984,17.85,15,2221.94702
45.81829,11.3634,313,36.035,126.56,15,2230.99828
45.87907,11.35878,346,43.121,159.86,15,2238.08431
45.90382,11.31489,440,47.945,35.41,15,2242.90844
45.91498,11.27598,534,51.644,17.95,15,2246.60694
45.92094,11.25624,647,53.798,30.58,15,2248.76102
45.92876,11.24021,823,56.552,15.54,15,2251.51558
45.93426,11.23373,926,58.421,61.51,15,2253.384
45.93413,11.22638,1075,61.451,18.97,15,2256.41441
45.94989,11.2065,1109,64.471,14.96,15,2259.43428
45.95862,11.22063,1001,66.419,10.32,15,2261.38251
45.96903,11.22937,908,68.265,13.95,15,2263.22811
45.98448,11.2333,817,70.536,15.05,15,2265.49916
45.99843,11.2066,675,73.734,30.45,15,2268.69709
46.00758,11.15934,589,77.83,23.66,15,2272.79361
46.02284,11.14544,422,80.793,28.31,15,2275.75621
46.04653,11.13849,277,83.727,8.37,15,2278.69072
46.06911,11.12737,202,86.948,20.13,15,2281.91157
46.07322,11.10597,227,89.327,10.81,15,2284.29053
46.09083,11.06129,500,93.799,422.3,15,2288.76237
46.07644,11.02347,491,98.052,16.28,15,2293.01487
46.06261,10.98752,288,102.599,46.56,15,2297.56251
46.04531,10.9462,282,107.023,8.37,15,2301.98619
46.06074,10.92385,438,111.351,33.51,15,2306.3144
46.0423,10.88664,406,115.339,34.76,15,2310.30265
46.05125,10.84511,467,119.917,23.83,15,2314.88073
46.04284,10.75713,506,127.235,113.31,15,2322.19805
46.04827,10.75489,630,129.682,56.95,15,2324.64548
46.05344,10.75257,837,131.739,3.33,15,2326.7028
46.06418,10.75189,1041,133.491,20.94,15,2328.45432
46.0735,10.74285,1238,135.931,24.36,15,2330.89466
46.08791,10.74465,1110,138.577,13.33,15,2333.53997
46.08418,10.73622,928,140.322,13.33,15,2335.28496
46.09039,10.73632,712,142.129,22.12,15,2337.09266
46.11397,10.75127,704,145.563,249.56,15,2340.52635
46.1374,10.76793,739,148.902,23.46,15,2343.86514
46.18139,10.77133,914,154.168,42.09,15,2349.131
46.18952,10.78416,1115,157.362,47.14,15,2352.32571
46.20964,10.82152,1442,162.241,114.89,15,2357.20424
46.23526,10.82418,1569,165.525,6.42,15,2360.48808
46.14763,10.76784,767,0.441,34.06,16,2363.24779
46.16791,10.76307,801,2.795,16.62,16,2365.60206
46.17805,10.76981,875,4.11,153.75,16,2366.91662
46.18742,10.77404,963,5.451,5.1,16,2368.25845
46.18507,10.77815,1031,6.412,3.21,16,2369.21876
46.18842,10.77785,1088,7.177,5.71,16,2369.98353
46.19479,10.79749,1202,8.934,4.54,16,2371.74105
46.19726,10.79608,1281,9.994,2.71,16,2372.80133
46.20667,10.81565,1413,11.932,5.84,16,2374.73877
46.21916,10.82245,1478,13.635,6.85,16,2376.44211
46.22948,10.82666,1505,14.873,37.82,16,2377.67973
46.23573,10.83463,1627,16.495,11.41,16,2379.302
46.24499,10.84299,1660,17.807,54.35,16,2380.61339
46.26028,10.85517,1545,19.889,15.91,16,2382.69563
46.27765,10.85945,1463,22.072,4.06,16,2384.87869
46.28552,10.86423,1413,23.241,62.9,16,2386.04785
46.29949,10.86779,1332,24.862,28.94,16,2387.66857
46.30628,10.86432,1254,25.951,12.08,16,2388.75752
46.30988,10.86745,1132,27.401,5.51,16,2390.20823
46.30852,10.87335,1043,28.47,2.35,16,2391.27691
46.31756,10.86778,947,29.738,14.69,16,2392.54462
46.31792,10.87279,893,30.406,20.41,16,2393.21314
46.3198,10.87449,821,31.284,9.19,16,2394.09057
46.32806,10.87181,761,32.345,0.77,16,2395.15182
46.32736,10.86493,780,32.921,43.28,16,2395.72779
46.32091,10.84309,801,34.85,28.58,16,2397.65653
46.31978,10.81767,854,36.924,7.7,16,2399.73049
46.31735,10.79617,914,38.764,19.29,16,2401.57063
46.31195,10.7742,919,40.746,19.29,16,2403.55275
46.31143,10.75021,941,42.643,13.91,16,2405.44899
46.31035,10.73016,985,44.343,36.8,16,2407.14958
46.30179,10.71004,1110,46.262,17.79,16,2409.06841
46.29726,10.6909,1229,47.931,10.02,16,2410.73776
46.29291,10.68028,1283,48.941,4.54,16,2411.74784
46.28759,10.66676,1363,50.185,9.41,16,2412.99098
46.28335,10.65796,1431,51.093,9.19,16,2413.89934
46.28073,10.65305,1466,51.691,6.34,16,2414.49736
46.27954,10.64267,1527,52.545,11.37,16,2415.35141
46.27175,10.62751,1629,54.113,10.14,16,2416.91962
46.26778,10.61932,1708,55.113,8.48,16,2417.91944
46.26548,10.61507,1752,55.832,4.06,16,2418.63822
46.2609,10.59822,1836,57.435,10.27,16,2420.24118
46.25979,10.58595,1871,58.526,108.64,16,2421.33221
46.25613,10.56237,1793,60.525,7.93,16,2423.33161
46.2546,10.54755,1693,62.013,22.04,16,2424.81959
46.25313,10.5409,1650,62.634,1.54,16,2425.44014
46.25214,10.53783,1587,63.454,16.04,16,2426.26065
46.2554,10.52829,1536,64.341,3.8,16,2427.14712
46.26035,10.5211,1478,65.268,13.37,16,2428.07459
46.25699,10.52386,1385,66.629,1.35,16,2429.43546
46.24958,10.52974,1305,68.19,13.12,16,2430.99638
46.25244,10.49683,1213,70.972,65.93,16,2433.77882
46.25171,10.47988,1161,72.364,22.3,16,2435.16994
46.24851,10.45518,1136,74.399,18.39,16,2437.20549
46.2443,10.4376,1086,75.919,59.04,16,2438.72523
46.24334,10.42642,1083,76.835,3.08,16,2439.64127
46.242,10.41693,1070,77.663,8.24,16,2440.46908
46.24083,10.40407,1076,78.739,6.27,16,2441.54536
46.23855,10.39274,1063,79.664,10.57,16,2442.47052
46.23361,10.38161,1015,80.694,13.3,16,2443.49999
46.22825,10.37126,966,81.749,28.53,16,2444.55534
46.22076,10.35881,921,83.052,21.04,16,2445.85815
46.21543,10.35164,898,83.939,8.93,16,2446.74554
46.20828,10.35029,873,84.798,8.58,16,2447.60435
46.20002,10.34611,819,85.82,22,16,2448.62681
46.19771,10.34535,776,86.36,2.32,16,2449.16594
46.18928,10.34102,772,87.406,10.27,16,2450.21213
46.18104,10.33318,699,88.542,20.94,16,2451.3478
46.17833,10.31706,738,89.888,4.76,16,2452.69462
46.17509,10.3054,796,90.92,13.17,16,2453.72616
46.17438,10.29259,808,92.021,10.04,16,2454.82727
46.17496,10.28332,844,92.882,4.46,16,2455.68771
46.17457,10.27004,893,94.031,13.13,16,2456.83758
46.17184,10.26024,914,94.885,3.86,16,2457.69082
46.16888,10.24489,926,96.191,38.67,16,2458.99683
46.16611,10.23533,948,97.11,5.85,16,2459.91575
46.16613,10.22193,978,98.213,8.91,16,2461.0188
46.16625,10.20956,1034,99.195,10.28,16,2462.00134
46.1627,10.20084,1059,100.057,24.72,16,2462.86364
46.16027,10.18953,1103,101.036,6.42,16,2463.84246
46.15974,10.18101,1123,101.775,8.59,16,2464.58105
46.15856,10.1713,1155,102.661,8.04,16,2465.46713
46.15336,10.14677,1178,104.66,10.58,16,2467.46594
46.15073,10.13697,1156,105.488,1.35,16,2468.29373
46.14974,10.13245,1097,106.122,19.07,16,2468.92833
46.1511,10.12107,1037,107.047,5.85,16,2469.85292
46.15692,10.11312,913,108.223,51.5,16,2471.02917
46.16164,10.12292,844,109.209,12.3,16,2472.01564
46.1677,10.12898,774,110.106,19.09,16,2472.91208
46.17371,10.13263,745,110.91,13.36,16,2473.71624
46.17806,10.13819,696,111.694,3.81,16,2474.50051
46.17646,10.13365,659,112.214,7.3,16,2475.01989
46.17812,10.13412,606,113.115,2.57,16,2475.92104
46.17889,10.13056,534,114.131,11.31,16,2476.93758
46.18392,10.13557,456,115.272,9.09,16,2478.0782
46.18714,10.13292,400,116.128,29.2,16,2478.93377
46.21543,10.17187,437,120.871,16.32,16,2483.67723
46.22377,10.19062,534,122.931,11.51,16,2485.7372
46.22748,10.19866,545,123.714,6.56,16,2486.52034
46.23091,10.22397,518,125.749,27.02,16,2488.55522
46.2466,10.24695,536,128.292,30.67,16,2491.09795
46.2581,10.25856,579,130.157,11.37,16,2492.96275
46.25784,10.2623,641,130.597,4.06,16,2493.40332
46.26378,10.26491,748,131.357,4.06,16,2494.16306
46.2599,10.26786,856,132.409,7.82,16,2495.21568
46.26082,10.27148,969,133.319,14.47,16,2496.12487
46.26078,10.27454,1092,134.148,6.99,16,2496.95462
46.25974,10.2781,1176,134.808,17.53,16,2497.61424
46.25687,10.27876,1251,135.445,10.02,16,2498.25152
46.25403,10.28069,1344,136.191,8.89,16,2498.99743
46.25735,10.28563,1431,136.932,12.71,16,2499.73859
46.25883,10.28953,1507,137.611,12.29,16,2500.41737
46.25759,10.2915,1583,138.332,0,16,2501.13838
46.24756,10.28903,1712,139.541,31.28,16,2502.34749
46.24694,10.29519,1804,140.537,9.63,16,2503.34359
46.24782,10.29828,1858,141.26,13.12,16,2504.06561
46.2493,10.3135,1768,142.574,13.1,16,2505.37962
46.24683,10.31568,1713,143.092,1.9,16,2505.89805
46.24509,10.31747,1654,143.551,2.35,16,2506.35687
46.2434,10.31898,1626,143.881,5.01,16,2506.68667
46.23485,10.32071,1593,144.913,8.37,16,2507.71919
46.22769,10.32359,1542,145.821,29.55,16,2508.62657
46.22036,10.32977,1466,146.8,7,16,2509.60626
46.22047,10.33844,1405,147.594,7.02,16,2510.39947
46.2171,10.34313,1351,148.184,2.35,16,2510.98974
46.21743,10.33641,1290,148.882,5.71,16,2511.68776
46.21623,10.32785,1176,150.087,20.37,16,2512.89272
46.21334,10.33707,1111,150.942,5.1,16,2513.7477
46.21171,10.34455,1074,151.636,5.1,16,2514.44187
46.2108,10.34426,1028,152.217,1.9,16,2515.02301
46.20976,10.34432,1003,152.617,7.61,16,2515.42325
46.20884,10.34486,971,152.991,2.57,16,2515.79719
46.2125,10.34972,901,153.633,2.22,16,2516.43862
46.21384,10.35148,882,154.179,12.71,16,2516.98471
46.20716,10.34914,861,155.009,5.01,16,2517.81467
46.19825,10.34566,787,156.078,2.22,16,2518.88338
46.19661,10.3449,774,156.556,20.42,16,2519.36135
46.18787,10.33974,759,157.65,9.69,16,2520.45533
46.18043,10.331,700,158.798,11.63,16,2521.60334
46.17778,10.31493,749,160.12,12.55,16,2522.92551
46.17463,10.30218,799,161.235,6.42,16,2524.04016
46.17341,10.29126,834,162.238,8.25,16,2525.04312
46.17328,10.28041,861,163.234,17.82,16,2526.03947
46.17424,10.2676,890,164.28,5.1,16,2527.08563
46.17056,10.25579,929,165.312,8.78,16,2528.11748
46.16814,10.2437,940,166.372,7,16,2529.17768
46.16559,10.23249,942,167.403,59.6,16,2530.20891
46.16616,10.22078,985,168.362,27.38,16,2531.1677
46.16512,10.20798,1016,169.428,6.36,16,2532.23393
46.16253,10.19892,1081,170.265,5.52,16,2533.07087
46.15949,10.188,1122,171.242,6.57,16,2534.04741
46.15804,10.17938,1129,172.057,8.59,16,2534.86235
46.15749,10.16747,1163,173.035,24.1,16,2535.84084
46.15269,10.14491,1177,174.876,9.59,16,2537.68197
46.17318,10.10252,392,7.395,171.5,17,2545.47335
46.16241,10.05047,555,11.981,28.16,17,2550.05888
46.16783,10.0652,724,14.573,141.72,17,2552.65122
46.17141,10.06637,861,16.712,17.76,17,2554.79018
46.16968,10.03377,761,19.658,96.68,17,2557.73606
46.16826,10.03034,695,21.752,27.82,17,2559.83041
46.17068,10.01458,606,23.642,43.3,17,2561.72011
46.17805,9.98927,526,26.219,8.57,17,2564.29763
46.17473,9.94461,502,30.201,126.04,17,2568.27873
46.17652,9.90456,504,33.428,105.36,17,2571.50665
46.16147,9.86824,291,37.666,5.41,17,2575.7442
46.15587,9.82907,292,41.34,32.72,17,2579.41839
46.15207,9.78098,282,45.319,118.5,17,2583.39747
46.15415,9.73206,284,50.319,170.74,17,2588.39741
46.1591,9.68221,259,54.471,55.45,17,2592.54928
46.15358,9.64594,268,57.629,30.28,17,2595.70726
46.13551,9.56617,250,64.583,30.65,17,2602.6607
46.15114,9.50905,219,70.296,106.38,17,2608.37396
46.15161,9.4478,208,75.203,93.04,17,2613.28112
46.17314,9.40268,214,80.907,30.37,17,2618.98557
46.16818,9.35647,218,84.89,184.57,17,2622.96772
46.14912,9.31862,210,88.809,84.39,17,2626.88759
46.12239,9.27943,209,93.714,35.55,17,2631.79232
46.06685,9.27209,205,100.542,26.07,17,2638.62011
46.0403,9.2457,323,104.486,117.71,17,2642.56394
46.02108,9.2357,247,108.114,12.59,17,2646.19248
46.02145,9.22855,346,109.641,4.78,17,2647.71877
46.03954,9.17514,308,114.687,21.2,17,2652.76486
46.02899,9.10015,277,121.257,106.81,17,2659.33493
46.02372,9.06509,294,124.213,20.88,17,2662.29151
46.023,9.04019,301,126.376,0.77,17,2664.45384
46.00355,8.98885,378,131.073,132.49,17,2669.15142
46.00815,8.96021,279,134.216,31.89,17,2672.29421
45.97868,8.95555,296,2.99,41.31,18,2676.86126
45.99562,8.9422,324,5.972,11.77,18,2679.84286
45.99529,8.9155,290,8.598,35.16,18,2682.46972
45.98287,8.88332,298,12.282,3.42,18,2686.15308
45.95395,8.87546,279,17.232,7.82,18,2691.10349
45.93462,8.88764,284,20.821,201.52,18,2694.69198
45.90452,8.89894,272,24.738,175.61,18,2698.609
45.87495,8.87189,359,29.431,64.2,18,2703.30266
45.84632,8.82777,393,34.35,12.05,18,2708.22131
45.81772,8.81365,388,39.455,14.66,18,2713.32643
45.80591,8.80664,293,41.698,70.04,18,2715.56895
45.79045,8.76713,251,46.406,208.28,18,2720.2777
45.78098,8.73411,269,49.765,12.62,18,2723.63669
45.76764,8.70478,245,53.18,125.77,18,2727.05175
45.73531,8.66278,242,58.664,30.89,18,2732.53546
45.71959,8.61673,205,63.227,25.36,18,2737.09833
45.73512,8.57349,207,67.678,27.44,18,2741.54927
45.77218,8.54524,211,72.655,30.14,18,2746.52654
45.81607,8.54694,208,77.896,104.62,18,2751.7676
45.87153,8.56328,203,85.094,73.29,18,2758.96539
45.90466,8.50618,209,91.234,106.23,18,2765.10506
45.92621,8.47175,199,95.62,30.07,18,2769.4913
45.93703,8.44568,214,100.558,34.82,18,2774.42975
45.96197,8.45938,205,104.942,29.32,18,2778.81301
45.94662,8.48996,210,108.171,11.22,18,2782.04268
45.95611,8.5245,263,112.285,50.27,18,2786.15685
45.93931,8.56906,218,116.539,4.07,18,2790.41068
45.95501,8.61472,216,120.954,72.66,18,2794.82555
46.00501,8.65896,217,127.68,233.32,18,2801.55127
46.02417,8.68629,323,131.337,90.04,18,2805.20799
46.03274,8.69697,610,134.173,36.38,18,2808.04396
46.03555,8.67325,804,136.763,15.18,18,2810.63421
46.03809,8.68156,938,137.958,85.12,18,2811.82925
46.04215,8.65442,1200,140.776,40.67,18,2814.64723
46.03695,8.63885,1116,143.517,19.89,18,2817.38892
46.03027,8.62518,1278,146.294,36.28,18,2820.16512
46.00861,8.62962,1239,149.707,43.95,18,2823.57849
45.9966,8.61577,983,152.757,69.26,18,2826.62833
45.98793,8.61427,868,155.957,17.19,18,2829.82856
45.98092,8.60167,881,159.168,10.32,18,2833.03949
45.97498,8.58436,716,161.7,34.22,18,2835.57103
45.96494,8.56593,512,164.654,32.78,18,2838.52505
45.95271,8.58102,398,167.429,43.88,18,2841.30027
45.94587,8.5679,266,169.799,46.57,18,2843.67009
45.93495,8.57364,200,172.512,28.5,18,2846.38353
45.85818,8.40861,294,8.383,21.27,19,2855.6642
45.82722,8.39884,293,12.232,42.65,19,2859.51338
45.78704,8.42205,299,17.46,14.72,19,2864.74151
45.76458,8.43044,324,20.676,136.14,19,2867.95722
45.7449,8.43127,360,23.208,27.04,19,2870.48981
45.70866,8.45418,319,27.792,10.21,19,2875.07383
45.66893,8.44511,337,33.303,35.16,19,2880.58493
45.63547,8.38637,303,40.075,17.8,19,2887.35605
45.61345,8.3624,270,44.64,39.06,19,2891.92138
45.56351,8.24343,242,56.189,14.06,19,2903.4701
45.5589,8.17127,238,62.95,7.67,19,2910.23093
45.5657,8.09168,344,70.483,6.34,19,2917.76454
45.56358,8.06064,404,74.021,22.55,19,2921.30246
45.55624,8.01944,419,77.487,7.27,19,2924.76815
45.51512,7.98669,375,84.284,345.83,19,2931.56553
45.5156,7.89832,551,91.889,46.7,19,2939.17041
45.51816,7.8732,330,96.221,79.7,19,2943.5021
45.53949,7.83694,269,102.045,54.46,19,2949.32616
45.58287,7.8079,295,107.842,6.4,19,2955.12327
45.60291,7.75563,337,113.25,30.45,19,2960.53135
45.63091,7.73457,352,117.4,19.94,19,2964.68141
45.65324,7.70289,365,121.433,25.19,19,2968.71433
45.6726,7.68276,374,124.567,28.66,19,2971.84791
45.70334,7.67346,381,128.574,65.29,19,2975.85546
45.72574,7.66668,451,131.388,11.36,19,2978.66893
45.7488,7.64772,536,134.737,16.53,19,2982.01869
45.73984,7.61347,460,138.787,34.93,19,2986.0685
45.74016,7.57007,566,142.504,25.99,19,2989.7851
45.74101,7.5376,507,145.372,22.04,19,2992.65315
45.73369,7.50351,580,148.46,26.54,19,2995.74172
45.7366,7.47931,527,150.703,171.12,19,2997.98396
45.74045,7.42901,559,155.256,12.77,19,3002.53729
45.74565,7.41897,703,156.864,18.68,19,3004.14539
45.74799,7.41669,772,158.759,6.37,19,3006.04007
45.74995,7.42878,909,160.763,14.4,19,3008.04396
45.7587,7.45252,1098,163.806,100.53,19,3011.08746
45.76061,7.44561,1254,165.717,6.71,19,3012.99863
45.77247,7.44104,1298,167.375,8.09,19,3014.65627
45.77129,7.44913,1417,169.158,17.22,19,3016.43887
45.77995,7.46378,1563,171.019,28.92,19,3018.30023
45.79121,7.46735,1625,172.959,11.32,19,3020.24044
45.78917,7.4761,1630,174.71,27.62,19,3021.99067
45.79536,7.49339,1544,177.057,8.96,19,3024.33821
45.78768,7.48716,1391,179.544,10.04,19,3026.82505
45.76825,7.46833,1177,182.658,28.01,19,3029.93888
45.75184,7.47163,883,186.41,7.82,19,3033.69091
45.75047,7.48711,659,189.434,50.53,19,3036.71498
45.75384,7.51132,744,191.757,10.03,19,3039.03862
45.75044,7.51397,651,193.596,16.93,19,3040.87681
45.74378,7.5439,483,196.315,17.8,19,3043.59586
45.74885,7.53931,650,198.475,17.69,19,3045.75586
45.75176,7.55371,779,200.165,14.67,19,3047.44619
45.75392,7.55837,901,201.787,11.05,19,3049.06799
45.75809,7.55652,1056,203.872,69.53,19,3051.15293
45.76541,7.56146,1229,206.521,12.62,19,3053.80269
45.77275,7.56452,1359,208.525,4.48,19,3055.80662
45.77854,7.5593,1485,210.651,4.67,19,3057.93246
45.78292,7.56568,1628,212.317,15.55,19,3059.59834
45.79477,7.56084,1592,214.301,30.58,19,3061.58227
45.80118,7.56938,1492,216.245,22.22,19,3063.52624
45.79663,7.57304,1340,218.233,11.81,19,3065.51405
45.79767,7.58018,1185,220.336,13.36,19,3067.61695
45.82052,7.58984,1056,223.486,32.11,19,3070.76705
45.83954,7.60411,1157,226.118,48.93,19,3073.39964
45.85783,7.60829,1319,228.353,55.92,19,3075.63424
45.86704,7.61871,1380,230.668,37.53,19,3077.94922
45.87765,7.62329,1524,232.428,20.45,19,3079.7092
45.89536,7.62136,1698,234.83,9.89,19,3082.1115
45.91382,7.61544,1879,237.497,12.85,19,3084.77851
45.74859,7.64468,534,0.057,14.78,20,3087.94823
45.72734,7.66443,460,3.632,30.02,20,3091.5235
45.70653,7.6747,386,6.324,12.74,20,3094.21521
45.68021,7.67497,376,9.653,22.35,20,3097.54398
45.65916,7.69443,368,12.722,8.93,20,3100.61314
45.62864,7.73616,350,17.819,122.24,20,3105.7106
45.60225,7.76007,341,22.052,312.72,20,3109.94365
45.57905,7.81009,287,27.543,116.35,20,3115.43374
45.53711,7.83772,269,33.169,48.93,20,3121.05967
45.46709,7.87177,259,41.792,5.61,20,3129.68337
45.44562,7.84754,254,45.767,179.74,20,3133.65781
45.41367,7.7534,374,54.314,64.81,20,3142.20523
45.34644,7.74173,295,63.173,8.38,20,3151.06461
45.30609,7.7408,276,68.794,100.07,20,3156.68525
45.22025,7.74301,240,78.741,24.57,20,3166.63247
45.18079,7.65703,275,87.742,22.9,20,3175.63286
45.15938,7.65421,263,90.682,11.63,20,3178.5728
45.15161,7.62219,278,94.249,6.81,20,3182.14005
45.12418,7.64052,257,97.736,148.38,20,3185.62719
45.11789,7.61008,272,103.147,6.39,20,3191.03802
45.11752,7.54741,315,109.097,118.46,20,3196.98843
45.10656,7.50211,350,113.575,18.24,20,3201.46657
45.09489,7.41933,336,120.585,268.38,20,3208.47582
45.1101,7.36885,360,125.336,54.77,20,3213.22699
45.11319,7.26465,385,134.017,33.47,20,3221.90847
45.13919,7.14527,441,144.134,19.01,20,3232.02534
45.13522,7.05245,494,153.029,361.4,20,3240.91996
45.12255,7.06822,658,155.793,24.06,20,3243.68441
45.11489,7.06966,835,157.54,8.13,20,3245.43067
45.11175,7.06115,987,159.225,28.26,20,3247.1163
45.10977,7.06159,1068,160.179,2.22,20,3248.07006
45.10699,7.06242,1162,161.26,22.7,20,3249.151
45.10762,7.0725,1341,162.92,48.25,20,3250.81126
45.09765,7.06062,1526,164.912,26.99,20,3252.80306
45.0895,7.06178,1656,166.463,19.47,20,3254.35387
45.08569,7.06327,1865,168.07,35.17,20,3255.96085
45.07918,7.05405,2012,169.721,16.79,20,3257.61268
45.07607,7.052,2127,170.903,25.18,20,3258.7942
45.07086,7.05015,2074,173.068,30.62,20,3260.95963
45.06202,7.04888,1921,174.699,13.62,20,3262.58994
45.06266,7.03469,1865,176.926,14.97,20,3264.81686
45.05637,7.02254,1675,179.547,27.7,20,3267.43774
45.04801,7.01038,1478,181.924,26,20,3269.81483
45.04098,6.97866,1434,184.82,24.59,20,3272.71132
45.0193,6.94699,1525,188.488,11.55,20,3276.37963
44.99631,6.91826,1622,192.095,59.76,20,3279.9866
44.98169,6.90827,1815,195.265,28.17,20,3283.15617
44.96623,6.88286,2019,198.173,14.47,20,3286.06428
45.11914,7.71172,222,3.77,10.03,21,3290.66209
45.1438,7.77891,203,10.014,70.36,21,3296.9061
45.18069,7.85084,190,17.231,5.78,21,3304.12333
45.18576,7.88672,182,21.078,18.16,21,3307.97053
45.19676,7.92336,184,24.754,30.04,21,3311.64566
45.19274,8.04919,161,35.145,25.93,21,3322.03726
45.18905,8.21049,142,48.037,1774.7,21,3334.92915
45.2083,8.30397,142,57.44,33.37,21,3344.3319
45.29689,8.38902,131,69.587,10.93,21,3356.47929
45.32504,8.43208,126,75.064,37.91,21,3361.95626
45.36238,8.47733,129,81.259,8.38,21,3368.15102
45.42021,8.57167,138,91.636,33.8,21,3378.52762
45.44487,8.64219,146,98.05,10.03,21,3384.94257
45.44077,8.76741,131,108.273,480.76,21,3395.16469
45.46134,8.86755,136,116.808,14.78,21,3403.6999
45.47647,8.92664,139,121.998,14.53,21,3408.89048
45.48551,8.99888,142,127.881,38.88,21,3414.77357
45.49052,9.04276,138,131.438,49.51,21,3418.33024
45.50135,9.12019,134,138.33,7.89,21,3425.2222
45.47182,9.18217,130,145.181,76.13,21,3432.07299
45.45743,9.19312,126,148.682,50.01,21,3435.57378
45.46807,9.17676,124,152.624,10.12,21,3439.51601
